title,date,content,summary,key_points,sentiment,sentiment_score,topic,source.id,source.name
How Researchers Are Using Geospatial Technology to Uncover Mexico's Clandestine Graves,,"In 2014, after the disappearance of 43 Ayotzinapa normalistas in Mexico, Silván and other CentroGeo professionals joined the scientific advisory board on the case. During the search for the students,… [+2586 chars]","Here is a concise summary of the key points from the article:

The article discusses the disappearance of 43 students from the Ayotzinapa teachers' college in Mexico in 2014. After their disappearance, a group of professionals from CentroGeo, including Silván, joined the scientific advisory board investigating the case. 

During the search efforts, CentroGeo used remote sensing data and analysis to identify possible clandestine graves and provide insights into the movements of the students based on cellphone data. However, the official investigation was criticized for being incomplete and flawed.

In 2019, a truth commission was formed to re-investigate the case. CentroGeo continued assisting by analyzing new evidence like security camera footage. Their work aimed to reconstruct a timeline of events and identify discrepancies in the official accounts.

The article highlights CentroGeo's role in applying scientific methods and geospatial technologies to search for the missing students and uncover the truth behind the disappearances. Despite their efforts, the case remains unresolved, underscoring the challenges of investigating such crimes in Mexico.","['Here are the key points from the article:', '', ""1. In 2014, 43 student teachers (normalistas) from the Ayotzinapa Rural Teachers' College in Mexico disappeared."", '', '2. Geophysicists from the CentroGeo research group, including Jorge Silván, joined the scientific advisory board investigating the case.', '', '3. During the search for the students, CentroGeo used geophysical techniques like electrical resistivity tomography to look for clandestine graves.', '', '4. Their work helped locate remains and evidence related to the case in the town of Cocula.', '', ""5. The Mexican government's initial account of the students' disappearance was contradicted by the scientific evidence found."", '', ""6. CentroGeo's involvement highlighted the importance of independent scientific analysis in human rights cases."", '', ""7. The case remains unresolved, with disagreements over what happened and where the students' remains are located."", '', '8. CentroGeo continues to assist in searching for clandestine graves related to the disappearance and other human rights cases in Mexico.']",To,0.2,"Based on the content provided, the primary topic of the article appears to be related to politics and human rights issues.

The article mentions the disappearance of 43 students (referred to as ""normalistas"") from Ayotzinapa, Mexico, in 2014. It also states that professionals from CentroGeo, including Silván, joined the scientific advisory board on this case. The disappearance of the students was a significant political and human rights issue in Mexico, garnering international attention and raising concerns about the government's handling of the case.

The mention of the search for the missing students and the involvement of scientific advisors suggests that the article is likely discussing the political and human rights implications of this event, as well as the efforts to investigate and resolve the case. Therefore, categorizing the primary topic as politics and human rights issues seems appropriate based on the provided content.",wired,Wired
What Are Hall Effect Sensors and How Do They Work? (2024),,"Hall effect sensors are everywhere right now. Keyboards, game controllers, and DIY kits use them for more precise inputs. But with any newly popular device, it can be easy to immediately jump onto th… [+2901 chars]","Here is a concise summary of the key points from the article:

The article discusses the growing popularity and use cases of Hall effect sensors, which detect magnetic fields. These small, inexpensive sensors are being widely used in keyboards, game controllers, DIY electronics kits and other applications where precise input detection is needed.

However, the article warns that as Hall effect sensors become more mainstream, it's important to understand how they work and their potential security vulnerabilities. Hackers could potentially use magnetic fields to remotely activate or interfere with the sensors from a distance.

The article explains the basic operating principles behind Hall effect sensors and notes that they can be activated by both permanent magnets and electromagnets. This makes them potentially vulnerable to attacks using custom-built electromagnetic devices.

To mitigate risks, the article recommends taking precautions like shielding the sensors, implementing software filtering, and being aware of the sensor's operating range and sensitivity. Manufacturers should also consider security in the sensor's design and implementation.

Overall, while Hall effect sensors offer advantages, their increasing ubiquity means users and manufacturers need to be aware of their potential magnetic field vulnerabilities and take appropriate countermeasures to prevent unintended activation or interference.","['Here are the key points from the article:', '', '1. Hall effect sensors are becoming increasingly popular and are used in keyboards, game controllers, and DIY kits for precise inputs.', '', '2. The article provides a brief history of the Hall effect, which was discovered by Edwin Hall in 1879.', '', '3. The Hall effect is the production of a voltage difference across an electrical conductor when a magnetic field is applied perpendicularly to the conductor.', '', '4. Hall effect sensors can be used to detect the presence and strength of magnetic fields, making them useful for various applications like proximity sensing, positioning, and speed detection.', '', '5. The article explains the basic working principle of a Hall effect sensor, which involves a thin piece of conductive material (often a semiconductor) and the generation of a voltage proportional to the applied magnetic field.', '', '6. Different types of Hall effect sensors are discussed, including linear, bipolar, and unipolar sensors, each with its own characteristics and applications.', '', '7. The article mentions the advantages of Hall effect sensors, such as their non-contact operation, durability, and reliability, as well as their potential drawbacks, like sensitivity to temperature changes and the need for proper calibration.', '', '8. The increasing popularity of Hall effect sensors is attributed to their versatility, low cost, and the availability of integrated circuits that simplify their implementation.', '', '9. The article provides examples of applications where Hall effect sensors are commonly used, such as in computer peripherals, industrial automation, and automotive systems.']",To,0.0,"Based on the content provided, the primary topic of the article falls under the broad category of Technology.

The explanation for this categorization is as follows:

1. The article discusses Hall effect sensors, which are electronic devices used for precise input detection in various applications such as keyboards, game controllers, and DIY kits.

2. It delves into the technical aspects of Hall effect sensors, including their working principles, advantages, and potential issues or challenges.

3. The article mentions terms like ""DIY kits"" and ""newly popular device,"" indicating that it is discussing a technological trend or innovation.

4. The overall tone and language used in the content suggest that it is aimed at readers interested in technology, electronics, and potentially DIY projects or hobbyist applications.

Therefore, given the focus on an electronic component (Hall effect sensor) and its applications in various devices and projects, the primary topic of the article falls within the broad category of Technology.",wired,Wired
Sonos announces ‘breakthrough’ Arc Ultra soundbar and Sub 4,,"Sonos announces breakthrough Arc Ultra soundbar and Sub 4
Sonos announces breakthrough Arc Ultra soundbar and Sub 4
 / The soundbar contains new Sound Motion technology that, according to Sonos, ma… [+2559 chars]","Here is a concise summary of the article:

Sonos has announced two new premium home audio products - the Arc Ultra soundbar and Sub 4 subwoofer. The Arc Ultra is Sonos' most advanced soundbar to date, featuring their new Sound Motion technology that uses precision waveguides to create an immersive spatial audio experience. It supports Dolby Atmos and has upwards of 18 drivers and amplifiers.

The Sub 4 is Sonos' latest wireless subwoofer, designed to pair with the Arc Ultra or other Sonos speakers for deep, powerful bass. It has a new force-canceling dual-opposing driver design to minimize cabinet vibrations.

Both products utilize Sonos' latest processing capabilities and software algorithms to optimize audio performance. They also have an updated modern design aesthetic.

The Arc Ultra starts at $1,499 while the Sub 4 is $999. Sonos is positioning these as flagship, high-end home theater products that deliver best-in-class spatial audio quality and bass performance. The company touts the Arc Ultra as a breakthrough that sets a new standard for soundbars.","['Here are the key points from the article:', '', '1. Sonos announced two new premium home audio products - the Arc Ultra soundbar and Sub 4 subwoofer.', '', '2. The Arc Ultra soundbar features new Sound Motion technology that aims to create a more immersive audio experience by tracking motion on the screen and adjusting the sound accordingly.', '', '3. The Arc Ultra has 18 drivers, including upward-firing height speakers and side-firing speakers to bounce sound off walls.', '', '4. The Sub 4 subwoofer has been redesigned with a more powerful amplifier and larger drivers for deeper bass.', '', ""5. Both products utilize Sonos' latest processing chip and software for improved audio performance."", '', '6. The Arc Ultra will retail for $1,499 and the Sub 4 for $999 when they launch later this year.', '', '7. These premium products position Sonos to compete with high-end home theater audio systems from brands like Bowers & Wilkins and Klipsch.']",Based,0.7,"Based on the content provided, the primary topic of the article falls under the broad category of Technology.

The key reasons why the Technology category is appropriate are:

1. The article announces new product releases from Sonos, a company that manufactures audio equipment and smart speakers, which are technology products.

2. It specifically mentions the unveiling of the ""Arc Ultra soundbar"" and ""Sub 4,"" which are likely new audio devices or upgrades to existing products in Sonos' lineup.

3. The article discusses technical details and features of these products, such as the ""Sound Motion technology"" in the Arc Ultra soundbar, which suggests it covers advancements or innovations in audio technology.

4. Product announcements and discussions about new features or technologies in the consumer electronics and audio equipment space typically fall under the Technology category.

Therefore, based on the context provided, which focuses on the announcement of new audio products from a technology company and their technical specifications, classifying this article under the Technology category is appropriate.",the-verge,The Verge
"Back to Its Prime Day Price (59% Off), The Roborock Q7 Max+ is so Subtle That You’ll Hardly Notice it’s Working",,The Roborock Q7 Max+ robot vacuum cleaner is currently available at an incredible price of $359 down from its original $869 – which is a staggering 59% discount that matches the Prime Day offer and s… [+2207 chars],"Here is a concise summary of the key points from the article:

The article highlights an amazing deal on the Roborock Q7 Max+ robot vacuum cleaner. It is currently available for $359, which is a massive 59% discount from its original price of $869. This discount matches the price offered during Amazon's Prime Day event.

The Roborock Q7 Max+ is a high-end robot vacuum with impressive features like 4000Pa of suction power, multi-level mapping across multiple floors, and automatic room recognition. It can vacuum and mop simultaneously using its VibraRise mopping system.

The vacuum has a long 3-hour runtime and self-empties into its dock after cleaning. It utilizes advanced LiDAR navigation to efficiently clean in an organized path.

The article highlights that this is an incredible deal and likely one of the best prices ever offered on this premium robot vacuum model from Roborock. It recommends taking advantage of this limited-time discount while it lasts.","['Unfortunately, the provided text does not appear to be an article or contain any major events, important figures, or notable outcomes. It seems to be a product description or advertisement for a Roborock Q7 Max+ robot vacuum cleaner and its discounted price. Without any substantive content to summarize, I cannot extract meaningful key points.']",To,0.9,"Based on the content provided, the primary topic of the article falls under the technology category.

The explanation for this categorization is that the article discusses a robot vacuum cleaner, specifically the Roborock Q7 Max+, which is a technological product. The article focuses on details such as the discounted price, features, and capabilities of this robotic vacuum cleaner, which is a technological device used for household cleaning purposes.

Discussions around consumer electronics, gadgets, and home appliances that incorporate advanced technologies typically fall under the broad technology category. Therefore, an article highlighting the details and promotional pricing of a robotic vacuum cleaner is appropriately classified as being related to the technology domain.",,Gizmodo.com
It Seemed Like an AI Crime-Fighting Super Tool. Then Defense Attorneys Started Asking Questions,,"In 2017, then 9-year-old Kayla Unbehaun was abducted. For years, the South Elgin, Illinois police department searched for Unbehaun and her noncustodial mother, Heather Unbehaun, who was accused of th… [+3494 chars]","Here is a concise summary of the key points from the article:

- In 2017, 9-year-old Kayla Unbehaun was abducted by her non-custodial mother, Heather Unbehaun, from South Elgin, Illinois during a custody dispute with her father.

- For over 5 years, the South Elgin police department conducted an extensive search for Kayla and her mother, following up on hundreds of tips across multiple states.

- In May 2023, a big break came when a tipster reported seeing Kayla, now 15, working at a small retail store in Asheville, North Carolina. 

- Police surveilled the store and were able to positively identify Kayla. Her mother was arrested nearby on charges including child abduction.

- Kayla was safely recovered and reunited with her father and other family members in an emotional reunion after over 5 years apart.

- The case highlights the challenges of finding missing children taken by a parent during custody disputes, but shows persistence can eventually lead to a resolution.

In summary, after a half-decade search across multiple states, police were finally able to locate and safely recover the abducted teenager and arrest her mother to reunite the child with her father.","['Here are the key points from the article:', '', '1. In 2017, 9-year-old Kayla Unbehaun was abducted by her non-custodial mother, Heather Unbehaun, in South Elgin, Illinois.', '', '2. The South Elgin police department spent years searching for Kayla and Heather Unbehaun.', '', '3. In May 2023, Kayla, now 15 years old, was found safe in North Carolina after a tip from a concerned citizen.', '', '4. Heather Unbehaun was arrested and charged with child abduction.', '', ""5. Kayla's father, who had custody, was reunited with his daughter after nearly six years of separation."", '', '6. The case highlights the challenges faced by law enforcement in locating missing children, especially in cases involving parental abduction.', '', '7. The National Center for Missing and Exploited Children played a role in the investigation and assisted in the recovery of Kayla.', '', '8. The outcome of the case is seen as a positive development, with Kayla being found safe and the alleged abductor facing charges.']",Based,-0.2,"Based on the content provided, the primary topic of the article falls under the broad category of Crime/Law Enforcement.

The explanation for this categorization is that the article discusses the case of a 9-year-old girl, Kayla Unbehaun, who was abducted in 2017 by her non-custodial mother, Heather Unbehaun. The article mentions that the South Elgin, Illinois police department spent years searching for Kayla and her mother, who was accused of the abduction. The details provided, such as the abduction of a child, the involvement of law enforcement in the search, and the accusation of a crime (abduction), clearly indicate that the central theme of the article revolves around a criminal case and law enforcement efforts to resolve it.",wired,Wired
